{
  "model_name": "EnsembleVotingClassifier",
  "version": "1.0.0",
  "trained_on": "2026-05-03T16:29:54.364548",
  "n_samples": 15000,
  "n_features": 22,
  "classes": [
    "CRITICAL",
    "HIGH",
    "LOW",
    "MEDIUM"
  ],
  "accuracy": 0.875111,
  "f1_weighted": 0.875173,
  "cv_mean": 0.869647,
  "cv_std": 0.005498,
  "feature_importances": [
    0.0781306919527495,
    0.14695809731336634,
    0.01735416587232497,
    0.024568637225485815,
    0.021703444604898904,
    0.0012714453197012413,
    0.0,
    0.15222490576288672,
    0.05818328820179676,
    0.041704895963608365,
    0.026696429785686655,
    0.10152783539282731,
    0.029045912803073965,
    0.003520571850458233,
    0.003970638200436428,
    0.013540016013887152,
    0.03788441935729806,
    0.011940905033587985,
    0.01023748121907958,
    0.006748554610682977,
    0.18924101912626745,
    0.023546644389895444
  ],
  "classification_report": {
    "CRITICAL": {
      "precision": 0.9078404401650619,
      "recall": 0.873015873015873,
      "f1-score": 0.890087660148348,
      "support": 756.0
    },
    "HIGH": {
      "precision": 0.827538247566064,
      "recall": 0.8333333333333334,
      "f1-score": 0.8304256803907886,
      "support": 714.0
    },
    "LOW": {
      "precision": 0.9399038461538461,
      "recall": 0.9630541871921182,
      "f1-score": 0.9513381995133819,
      "support": 406.0
    },
    "MEDIUM": {
      "precision": 0.8324742268041238,
      "recall": 0.8636363636363636,
      "f1-score": 0.847769028871391,
      "support": 374.0
    },
    "accuracy": 0.8751111111111111,
    "macro avg": {
      "precision": 0.876939190172274,
      "recall": 0.8832599392944221,
      "f1-score": 0.8799051422309774,
      "support": 2250.0
    },
    "weighted avg": {
      "precision": 0.8756160017289601,
      "recall": 0.8751111111111111,
      "f1-score": 0.8751729478540033,
      "support": 2250.0
    }
  },
  "training_time_seconds": 84.43
}